paper_id,title,authors,year,journal,doi,source_database,discipline,reproducibility_problem,barrier,proposed_solution,github,zenodo,orcid,code_availability,data_availability,documentation,version_control,persistent_identifier,preservation,researcher_identification,software_citation,computational_environment,notes
P001,Ten Simple Rules for Reproducible Computational Research,"Sandve, G.; Nekrutenko, A.; Taylor, J.; Hovig, E.",2013,PLoS Computational Biology,10.1371/journal.pcbi.1003285,Scopus,Computational research (general),Results not reproducible from published outputs,Undocumented steps and lost intermediate versions,"Ten operational rules: track provenance, version control, archive exact versions, share scripts",1,0,0,1,1,1,1,0,1,0,0,1,"Foundational rules; provenance, versioning and archiving of exact versions."
P002,The five pillars of computational reproducibility: bioinformatics and beyond,"Ziemann, M.; Poulain, P.; Bora, A.",2023,Briefings in Bioinformatics,10.1093/bib/bbad375,Scopus,Bioinformatics,Computational analyses cannot be re-executed,Uncontrolled environments and non-shared code,"Five pillars: literate programming, version-controlled code sharing, environment control, persistent data sharing, documentation",1,1,0,1,1,1,1,1,1,0,0,1,Defines five pillars of computational reproducibility.
P003,Good enough practices in scientific computing,"Wilson, G.; Bryan, J.; Cranston, K.; Kitzes, J.; Nederbragt, L.; Teal, T.",2017,PLoS Computational Biology,10.1371/journal.pcbi.1005510,Web of Science,Scientific computing (general),Projects hard to reuse and reproduce,Poor project organisation and change tracking,"Minimum viable practices for data, software, collaboration and change tracking",1,0,0,1,1,1,1,0,1,0,0,1,Minimum viable reproducibility practices for typical projects.
P004,A Quick Introduction to Version Control with Git and GitHub,"Blischak, J.; Davenport, E.; Wilson, G.",2016,PLoS Computational Biology,10.1371/journal.pcbi.1004668,Scopus,Computational biology,No record of code versions behind results,Unfamiliarity with version control,"Git and GitHub workflow for versioned, collaborative science",1,0,0,1,0,1,1,0,0,0,0,0,Introductory Git/GitHub tutorial for researchers.
P005,Not just for programmers: How GitHub can accelerate collaborative and reproducible research in ecology and evolution,"Braga, P. H. P.; Hebert, K.; Hudgins, E.; Scott, E.; Edwards, B.; et al.",2023,Methods in Ecology and Evolution,10.1111/2041-210x.14108,Scopus,Ecology and evolution,Analyses and data not reproducible or collaborative,Perceived learning cost of Git for non-programmers,"GitHub for versioning, issues, review, releases and Zenodo archiving",1,1,0,1,0,1,1,1,1,0,1,0,GitHub for non-programmers; covers releases and Zenodo archiving.
P006,"Zenodo, a free and open platform for preserving and sharing research output","Nowak, K.; Nielsen, L.",2016,Zenodo,10.5281/zenodo.51902,Google Scholar,Open science infrastructure,Research outputs not preserved or citable,No archival home or DOI for code and data,Zenodo: open repository assigning DOIs and preserving releases,1,1,0,1,1,0,0,1,1,0,1,0,Platform paper: Zenodo preservation and DOI minting.
P007,ORCID: a system to uniquely identify researchers,"Haak, L.; Fenner, M.; Paglione, L.; Pentz, E.; Ratner, H.",2012,Learned Publishing,10.1087/20120404,Scopus,Scholarly communication,Contributors cannot be uniquely identified,Name ambiguity across the scholarly record,ORCID persistent researcher identifier,0,0,1,0,0,0,0,1,0,1,0,0,Original ORCID identifier paper.
P008,"Using ORCID, DOI, and Other Open Identifiers in Research Evaluation","Haak, L.; Meadows, A.; Brown, J.",2018,Frontiers in Research Metrics and Analytics,10.3389/frma.2018.00028,Scopus,Research evaluation,Outputs not linked to accountable contributors,Fragmented identifiers across systems,"Combined use of ORCID, DOI and other open identifiers for evaluation",0,0,1,0,0,0,0,1,0,1,1,0,ORCID/DOI linkage for research evaluation.
P009,GitHub enables collaborative and reproducible laboratory research,"Chen, K.; Toro-Moreno, M.; Subramaniam, A.",2025,PLOS Biology,10.1371/journal.pbio.3003029,Scopus,Laboratory / wet-lab research,Lab research not versioned or reproducible,GitHub seen as software-only tooling,"GitHub as a laboratory workflow: versioning, issues, releases, Zenodo DOIs",1,1,0,1,1,1,1,1,1,0,0,0,Peer-reviewed study of GitHub for wet-lab reproducibility.
P010,GitHub is an effective platform for collaborative and reproducible laboratory research,"Chen, K.; Toro-Moreno, M.; Subramaniam, A.",2024,arXiv,10.48550/arxiv.2408.09344,Google Scholar,Laboratory / wet-lab research,Lab research not versioned or reproducible,GitHub seen as software-only tooling,GitHub as a laboratory workflow (preprint of the PLOS Biology study),1,1,0,1,1,1,1,1,1,0,0,0,arXiv preprint corresponding to the PLOS Biology study.
P011,A Guide to Using GitHub for Developing and Versioning Data Standards and Reporting Formats,"Crystal-Ornelas, R.; Varadharajan, C.; Bond-Lamberty, B.; Boye, K.; et al.",2021,Earth and Space Science,10.1029/2021ea001797,Web of Science,Earth and environmental data standards,Data standards evolve without traceable versions,No shared versioning practice for reporting formats,"GitHub for developing, versioning and releasing data standards",1,0,0,1,0,1,1,0,0,0,0,0,GitHub for versioning community data standards.
P012,Sustainable computational science: the ReScience initiative,"Rougier, N.; Hinsen, K.; Alexandre, F.; Arildsen, T.; Barba, L.; et al.",2017,PeerJ Computer Science,10.7717/peerj-cs.142,Scopus,Computational science / replication,Published computational results not independently re-run,No venue or incentive for replication,ReScience: GitHub-based journal publishing peer-reviewed replications with archived code,1,1,0,1,0,1,1,1,1,0,1,1,"GitHub-based replication journal with archived, citable code."
P013,ORCID growth and field-wise dynamics of adoption: A case study of the Toulouse scientific area,"Heusse, M.; Cabanac, G.",2022,Learned Publishing,10.1002/leap.1451,Scopus,Scientometrics / scholarly communication,Identifier linkage limited by sparse adoption,Uneven ORCID uptake and incomplete profiles,Empirical analysis of ORCID adoption dynamics to inform policy,0,0,1,0,0,0,0,1,0,1,0,0,Empirical ORCID adoption study; adoption uneven.
P014,Sharing interoperable workflow provenance: A review of best practices and their practical application in CWLProv,"Khan, F. Z.; Soiland-Reyes, S.; Sinnott, R.; Lonie, A.; Goble, C.; Crusoe, M.",2019,GigaScience,10.1093/gigascience/giz095,Scopus,Workflow provenance (bioinformatics),Workflow runs not interoperable or re-executable,"Heterogeneous, non-standard provenance records","CWLProv: CWL plus W3C PROV for interoperable, re-executable research objects",0,0,0,1,0,1,1,1,1,0,0,1,CWLProv interoperable workflow provenance.
P015,Recording provenance of workflow runs with RO-Crate,"Leo, S.; Crusoe, M.; Rodriguez-Navas, L.; Sirvent, R.; Kanitz, A.; et al.",2023,PLOS ONE,10.1371/journal.pone.0309210,Scopus,Workflow provenance (multi-system),Execution history of workflow runs not captured,"No portable format bundling inputs, outputs and provenance","Workflow Run RO-Crate: packaged provenance across workflow systems, with agent/ORCID links",0,0,1,1,0,1,0,1,1,1,1,1,Workflow Run RO-Crate; links agents via ORCID.
P016,Workflow sharing with automated metadata validation and test execution to improve the reusability of published workflows,"Suetake, H.; Fukusato, T.; Igarashi, T.; Ohta, T.",2022,GigaScience,10.1093/gigascience/giad006,Scopus,Workflow sharing / registries,Published workflows not reusable or tested,No automated metadata validation or test execution,Automated metadata validation and CI test execution for shared workflows,1,1,0,1,1,1,1,1,1,0,1,1,Automated metadata validation and CI testing of workflows.
P017,Applying the FAIR Principles to computational workflows,"Wilkinson, S.; Aloqalaa, M.; Belhajjame, K.; Crusoe, M.; et al.",2024,Scientific Data,10.1038/s41597-025-04451-9,Web of Science,Computational workflows / FAIR,"Workflows not findable, citable or reusable",FAIR guidance not operationalised for workflows,FAIR Principles specialised for computational workflows,0,0,1,1,1,1,0,1,1,1,1,1,FAIR Principles specialised for computational workflows.
P018,Introducing the FAIR Principles for research software,"Barker, M.; Chue Hong, N.; Katz, D.; Lamprecht, A.-L.; et al.",2022,Scientific Data,10.1038/s41597-022-01710-x,Web of Science,Research software / FAIR,"Research software not findable, citable or reusable",FAIR data principles do not transfer directly to software,"FAIR Principles for research software (identity, citation, metadata)",1,0,1,1,0,1,1,1,1,1,1,1,FAIR Principles for research software.
P019,Supporting workflow reproducibility by linking bioinformatics tools across papers and executable code,"Sebe, C.; Ferret, O.; Neveol, A.; Esmailoghli, M.; Leser, U.; Cohen-Boulakia, S.",2026,Bioinformatics,10.1093/bioinformatics/btag565,Scopus,Bioinformatics reproducibility,"Papers, tools and executable code are disconnected",No links between described methods and runnable code,Automated linking of bioinformatics tools across papers and executable code,1,0,0,1,0,1,0,1,0,0,1,1,"Links papers, tools and executable code automatically."
P020,rworkflows: automating reproducible practices for the R community,"Schilder, B.; Murphy, A.; Skene, N.",2024,Nature Communications,10.1038/s41467-023-44484-5,Scopus,R software community,R packages and analyses lack reproducible CI,"Manual, inconsistent testing and environment setup",rworkflows: GitHub Actions templates with containers and automated checks,1,0,0,1,0,1,1,0,1,0,1,1,GitHub Actions templates with containers for R.
P021,Sustainable data analysis with Snakemake,"Molder, F.; Jablonski, K.; Letcher, B.; Hall, M.; Tomkins-Tinch, C.; et al.",2021,F1000Research,10.12688/f1000research.29032.3,Scopus,Data analysis pipelines,Pipelines produce assembly errors and are not resumable,Manual orchestration of multi-step analyses,Snakemake workflow engine with dependency management and provenance,1,0,0,1,0,1,1,0,0,0,1,1,Snakemake workflow engine; dependencies and provenance.
P022,WORCS: A workflow for open reproducible code in science,"Van Lissa, C.; Brandmaier, A.; Brinkman, L.; Lamprecht, A.-L.; Peikert, A.; et al.",2020,Data Science,10.31234/osf.io/k4wde,Scopus,Behavioural / social science,Code and analysis projects not open or reproducible,No end-to-end template covering versioning and dependencies,WORCS: Git plus dependency management and preregistration for open reproducible code,1,1,0,1,1,1,1,1,1,0,1,1,WORCS end-to-end open reproducible code workflow.
P023,osfr: An R Interface to the Open Science Framework,"Wolen, A.; Hartgerink, C.; Hafen, R.; Richards, B.; Soderberg, C.; York, T.",2020,Journal of Open Source Software,10.21105/joss.02071,Google Scholar,Psychology / R software,OSF projects hard to manage programmatically,"Manual, non-scripted deposition of research products",osfr: scripted R interface to the Open Science Framework,0,0,0,1,1,1,1,1,1,0,0,0,Scripted R interface to OSF.
P024,Infrastructure for Open Science: analysis of the national coverage of persistent identifiers in Brazil,"Dias, G. M.; Faria, D.; Arcanjo, D.; Dias, T.; Mascarenhas, P.",2026,CILAMCE (Ibero-Latin American Congress on Computational Methods in Engineering),10.55592/cilamce2025.v5i.14033,Scopus,Open science policy (national),Persistent identifiers unevenly adopted nationally,Low ORCID and PID coverage in national research CVs,National analysis of PID coverage to guide open science infrastructure,0,0,1,0,0,0,0,1,0,1,0,0,National PID/ORCID coverage analysis (Brazil).
P025,Re-integrating scholarly infrastructure: The ambiguous role of data sharing platforms,"Plantin, J.-C.; Lagoze, C.; Edwards, P.",2018,Big Data & Society,10.1177/2053951718756683,Web of Science,Science and technology studies,Scholarly infrastructure fragmented across platforms,Platform dependence and disconnected data sharing services,Critical analysis of re-integrating scholarly infrastructure,0,0,1,0,0,0,0,1,1,1,0,0,STS critique of fragmented scholarly infrastructure.
