criterion,baseline_score,integrated_score,max_score,justification
Code available,1,2,2,Baseline includes supplementary files; integrated workflow includes repository
Version identifiable,0,2,2,Baseline lacks release information; GitHub release identifies version
Persistent identifier,0,2,2,Zenodo DOI assigned to release
Documentation,1,2,2,README and docs included
Dependencies specified,1,2,2,Dependencies documented in repository
Researcher identifiable,1,2,2,ORCID included
Release identifiable,0,2,2,GitHub release and Zenodo archive
Citation mechanism,1,2,2,CITATION.cff and DOI
Long-term archive,0,2,2,Zenodo archive
Reproduction instructions,1,2,2,Protocol included